method,axis,stratum,acc_mean_cm,acc_median_cm,comp_mean_cm,comp_median_cm,n_pred,n_gt,P@2cm,R@2cm,F@2cm,P@5cm,R@5cm,F@5cm,P@10cm,R@10cm,F@10cm
3dgs,all,all,10.670790138233087,9.855756083396027,6.78632639870806,3.4340215444217588,2190795,902095,0.14778835993326622,0.38646040605479465,0.21381181661450419,0.3113668782337006,0.5717080795259922,0.4031616080125188,0.5045930815069416,0.7212932119122709,0.5937900870947908
3dgs,curvature,low,7.319205523101973,6.079572873327738,7.916294820246512,5.024091853917077,484019,300698,0.18963718366427765,0.3390644433950342,0.24323445525888965,0.43033434637896445,0.49904887960678157,0.4621513868812447,0.7003588702096405,0.6502969757031972,0.6744001539436247
3dgs,curvature,mid,7.7362601076897,6.7370090043061746,6.7360044471594716,3.478246864476041,566910,300696,0.18808100051154505,0.37793319498762873,0.2511670343430523,0.40116067806177347,0.5754416420570942,0.472750380696427,0.6601947399058051,0.7279278739989891,0.6924087953485483
3dgs,curvature,high,7.389473934435349,6.296083720074582,5.706690365316367,2.530652282991635,576474,300701,0.21727085696839754,0.44238296513812725,0.29141626326622,0.4268622695906494,0.6406330540969268,0.5123433768345717,0.6779230286188103,0.785654188047263,0.7278236645707128
3dgs,proximity,tight,6.724779774187367,5.338455700552345,5.585361564577084,2.389745728911645,352235,162746,0.2626598719604809,0.45649662664520174,0.3334555016536499,0.48013967947535025,0.6537672200852863,0.5536602407567486,0.7195281559186338,0.788388040259054,0.7523858344300958
3dgs,proximity,near,6.615882418060515,5.039016316099731,6.021423538349118,2.71130128846955,274827,125922,0.23945245554476088,0.4201489811152936,0.3050499881628869,0.4975602833782707,0.6395387620908182,0.5596857880854605,0.7345239004901265,0.7701513635425105,0.7519158412971213
3dgs,proximity,open,7.998583914432319,7.092424947917728,7.261966239924044,4.139234578429299,1000341,613427,0.16528163896111425,0.36096389627453634,0.22674094272487916,0.3757938542956852,0.5360132501503846,0.4418269702996906,0.6485318506389322,0.693463117860805,0.6702453134811435
Deblurring3DGS,all,all,10.283962318807236,9.151377628981999,5.9320141493605245,2.612672217774076,2346994,902095,0.14075579230283503,0.43174942772102715,0.21229931413598574,0.31296287932563954,0.6482432559763661,0.4221281334831443,0.531195222484591,0.7753562540530654,0.6304620143524314
Deblurring3DGS,curvature,low,6.536288477307807,5.426773546648852,5.803345278740265,2.2358498546669052,632286,300698,0.20615196287755858,0.47320567479663983,0.28718976072190827,0.4679274885099464,0.6658873687221065,0.5496258971897752,0.7651458359033728,0.7759712402476904,0.7705205171551773
Deblurring3DGS,curvature,mid,8.063386060101452,7.245344346382727,6.022511254150058,2.736472878160949,600491,300696,0.1610765190485786,0.42023172905525846,0.23288664604633416,0.36639183601419506,0.640992896480166,0.46626587963450106,0.6429105515319963,0.7744399659456727,0.702572327021283
Deblurring3DGS,curvature,high,7.855744240269782,7.064503849475595,5.970186136271034,2.8487008810296404,574153,300701,0.1797012294632267,0.4018111013930782,0.24833849636853844,0.3799771141141821,0.6378495581990083,0.47624657705744877,0.6526814281210758,0.7756575468654909,0.7088755320505347
Deblurring3DGS,proximity,tight,7.195552679135826,6.150178569418931,5.4849081502859764,2.530126569255822,346246,162746,0.22165743430971044,0.43437626731225343,0.2935298253715187,0.43149379343010463,0.6646799306895408,0.5232843269262395,0.6970939736487931,0.7981701547196245,0.7442158134409333
Deblurring3DGS,proximity,near,6.7859888441807374,5.555631024818846,6.799897108402292,2.9833121923295476,263668,125922,0.21291927727293414,0.4041470116421277,0.27890257878826585,0.4639470849704932,0.6071059862454535,0.5259590960641107,0.7342908506151675,0.7225345849017646,0.7283652824995275
Deblurring3DGS,proximity,open,7.689549795537848,6.7575854582060195,5.872478385458591,2.5716885309127924,1197016,613427,0.1648766599611033,0.4367186315568112,0.23937923161663086,0.3862212368088647,0.652327008755728,0.48518216693630684,0.6763627219686287,0.7801466189130899,0.7245570981141146
BAGS,all,all,9.502798630605673,7.804588159494491,5.59880487246615,2.74407231448777,2117953,902095,0.19450573265790128,0.4328357878050538,0.2683993942102013,0.3787718613208131,0.6254019809443573,0.4718001254875631,0.5754476138044612,0.7924065647187934,0.6667208741836919
BAGS,curvature,low,6.666989821387656,5.428044221108311,6.700354590779798,4.174386547463073,518785,300698,0.22312325915359926,0.34645059162348935,0.2714351616853934,0.47198550459246125,0.5426507658847083,0.5048573622015865,0.7436722341625144,0.7322363301385443,0.7379099772714843
BAGS,curvature,mid,6.882902753543224,5.500069698861239,5.566002488468095,2.807128339890827,543130,300696,0.24110986320033878,0.4283063293159869,0.3085341574455516,0.4698525214957745,0.6230079548780163,0.5356984991947721,0.7165835067111005,0.7976760582116157,0.7549584235803596
BAGS,curvature,high,6.469167671713677,4.961369739058095,4.530067982536292,1.8252185044168656,601381,300701,0.2747758908246187,0.5237495053225629,0.3604487411128872,0.5024202626953629,0.7105463566798913,0.5886277189791346,0.7372032039588879,0.8473067931267272,0.7884295886779479
BAGS,proximity,tight,5.708085069270994,4.030511626587471,4.091436749317574,1.5856024398989588,366984,162746,0.33153488980446016,0.5644992810883217,0.41773229867749756,0.5620790007193774,0.7492718715052904,0.6423147209844196,0.783655418219868,0.8681565138313692,0.8237445713108229
BAGS,proximity,near,5.635178362288337,3.748326290395783,5.707560399927941,2.141877084518891,255388,125922,0.31651839553933625,0.486253394958784,0.38344183544967225,0.582960045107836,0.6562475183049824,0.6174366493041382,0.7926253387003305,0.7817855497847874,0.7871681283726698
BAGS,proximity,open,7.256578758827666,6.123326281353458,5.976394086897361,3.4156566768734646,1040924,613427,0.20121449788841453,0.386939277208209,0.2647531841956302,0.4294655517597827,0.5862066716985069,0.4957417676522762,0.6996937336443391,0.7744898741007488,0.7351943256351715
CoCoGS,all,all,8.88032058111773,7.273423918598143,5.7563761345619,2.466564012532613,2110015,902095,0.19285265744556318,0.45513942544853925,0.2709133337369559,0.38968443352298443,0.631519961866544,0.4819671746605653,0.6071103759925878,0.7753363005005016,0.6809878759470758
CoCoGS,curvature,low,7.092166255015603,5.922616018763159,6.491976826124134,3.4276801717177396,565158,300698,0.20291493706184818,0.39579245621853154,0.26828531681594503,0.44150662292668597,0.572857152358845,0.49867756108730865,0.7109215476026173,0.7389307544446587,0.7246556008211062
CoCoGS,curvature,mid,7.088378807211339,5.813889173780909,5.866218158493938,2.663012173554003,592097,300696,0.22137588942352351,0.4418116636070982,0.29495864191586196,0.4509734046955144,0.621045840317131,0.5225188976462817,0.7045399655799641,0.7737615398941123,0.7375301001391799
CoCoGS,curvature,high,6.712278602115726,5.3421492986309875,4.910942584358712,1.7969055509835357,637799,300701,0.2526736479674631,0.527813342822272,0.3417469460749369,0.4791634982180907,0.7006561335013851,0.5691189313186662,0.7238299213388544,0.8133162177711414,0.7659683083532413
CoCoGS,proximity,tight,6.133766316618765,4.611494237131546,4.289016343814788,1.5507922354041013,409156,162746,0.2971458319076343,0.5705578017278459,0.39077598865290586,0.5237928809549414,0.7472994727981026,0.6158956784489894,0.7576670023169647,0.8495385447261377,0.8009769798512366
CoCoGS,proximity,near,5.611591880536023,3.8273790545483055,5.807245167901395,1.830085877663494,284705,125922,0.30030733566323037,0.5210527151728848,0.3810167111837839,0.5828875502713334,0.670216483219771,0.6235090361445457,0.7993572294129011,0.7673639236987977,0.7830339161260457
CoCoGS,proximity,open,7.608994377666633,6.606917970833279,6.135233612450473,3.1059975671028233,1101193,613427,0.18146864355294667,0.41098777849687085,0.2517700607333269,0.4012802478766211,0.5928594600498511,0.4786103787786728,0.6747336752049823,0.7572865230907672,0.713630603138613
Deblur_GS,all,all,11.146799134436677,10.831670692796495,6.92007555217075,3.4984614605472344,2061044,902095,0.1408266878339327,0.38041337109727913,0.2055573210133509,0.2912092124185607,0.5715506681668782,0.3858334715824704,0.4741989981776226,0.7118961971854405,0.5692299654050313
Deblur_GS,curvature,low,7.540796844033591,6.495079392074913,8.21708026609498,4.853557211962933,455342,300698,0.18585370995866843,0.3358718714457695,0.23929450885241269,0.4084666031246843,0.5051147663103845,0.4516784594907077,0.682142213984214,0.6328276210683144,0.6565602084532367
Deblur_GS,curvature,mid,8.004293099867708,7.083900441769819,7.2856171354511945,3.943229225705346,482022,300696,0.1871947753422043,0.3622695346795435,0.24684028760658872,0.3892187493516893,0.5436287812275521,0.45364436824865934,0.6368983158445051,0.6906909303748636,0.662704811111639
Deblur_GS,curvature,high,7.471656339051183,6.3904919561381615,5.257548272934285,2.5088390746665263,534173,300701,0.2157465839718593,0.44309796109756866,0.29019553151683875,0.4233516108077346,0.6659073298725312,0.5176233680012814,0.6707845585606161,0.8121688986734331,0.7347369582177498
Deblur_GS,proximity,tight,6.754562819136281,5.472335119599157,4.812851715232598,2.266520454112703,332456,162746,0.2567888683013692,0.46594693571577794,0.3311029719183712,0.4723301730153765,0.7013567153724208,0.5644979798187817,0.7196019924441129,0.8371019871456135,0.7739175408129536
Deblur_GS,proximity,near,6.395151208972195,4.643814719078903,5.770936897686371,2.417281829723016,236774,125922,0.26257950619578163,0.45048522100983146,0.33177405183064274,0.5221688192115689,0.6590746652689761,0.5826880643275699,0.7439668206813248,0.7752894649068471,0.759305251899842
Deblur_GS,proximity,open,8.337786914862026,7.599366849180261,7.715026032368587,4.526710479903467,902307,613427,0.1579972226747659,0.34333669695008534,0.21640763745263353,0.35362908633092727,0.5191457174203288,0.42069277191527865,0.6212231535386514,0.665665189174914,0.642676779786769
