condition,method,PSNR_train,PSNR_test,SSIM_test,LPIPS_test,F5_overall,P5_overall,R5_overall,F5_curv_low,F5_curv_mid,F5_curv_high,F5_prox_tight,F5_prox_near,F5_prox_open,acc_median_cm,comp_median_cm,outlier_frac_unassigned,depth_encoding,fit_err_cm,realx3d_depth_L1_train,geometry_skipped
motion_strong,3dgs,19.163481233280276,18.911575912857025,0.610835075378418,0.4917183021704356,0.38700065584036036,0.2939489391952346,0.5662518914305035,0.4578282152363787,0.45193114490817804,0.5022570609088685,0.5491972276170443,0.534114094513487,0.43052401978876614,10.434726692864809,3.5806324132974603,0.2729126066830905,z,24.739980697631836,0.4746466285124202,
motion_strong,Deblurring3DGS,20.783189927754613,20.68371457280627,0.6605023741722107,0.4303330183029175,0.5100989216923131,0.41389657586770245,0.6645641534428192,0.5615867891508526,0.5463653389618568,0.5878511722411774,0.6175927656849457,0.5782833154416419,0.5457933959050043,6.6515260056570575,2.2398198911354426,0.1595900948316512,z,15.090060234069824,0.48589830391498134,
motion_strong,BAGS,17.42927465166713,17.442479885564918,0.545569121837616,0.4838871856530507,0.4971562034899911,0.40405197935748005,0.6460151092734135,0.5380527052921278,0.5279472647952441,0.5699198516362077,0.6329774528809026,0.6236314976168814,0.4985101626773919,6.840930584008606,2.5894102995216484,0.14479656404394425,ray,15.238845348358154,0.48706739717973163,
motion_strong,Bad_gs,18.20568149674765,17.919232578569765,0.5504323840141296,0.5273224711418152,,,,,,,,,,,,,,,,published depth maps identical across all 4 blur conditions (release bug)
motion_strong,CoCoGS,19.781641646324836,19.923727025132205,0.6242762207984924,0.43780974050362903,0.536253528318642,0.4342636173208656,0.7008541229027985,0.5732547332661069,0.5759231377244121,0.5842119281462302,0.6398154541335105,0.6434104113486547,0.5396636355815747,6.245620681043302,1.961661795094192,0.11663260548334786,z,12.030422687530518,0.31925160953072523,
motion_strong,Deblur_GS,16.906090010433136,16.887554640492766,0.5162438750267029,0.5474327405293783,0.39420019523388194,0.29922593700377553,0.577497935361575,0.46161981775809396,0.46898553086342676,0.5184615871836211,0.570360044624693,0.5766892241095181,0.4335910150334994,10.524319845507666,3.154138154962674,0.2835556167421651,z,27.4766206741333,0.6295589853007028,
defocus_strong,3dgs,19.760858234348124,19.566249041244784,0.5954194068908691,0.5776108702023824,0.4031616080125188,0.3113668782337006,0.5717080795259922,0.4621513868812447,0.472750380696427,0.5123433768345717,0.5536602407567486,0.5596857880854605,0.4418269702996906,9.855756083396027,3.4340215444217588,0.2571632672157824,z,23.15673828125,0.5643250825803501,
defocus_strong,Deblurring3DGS,10.878221483659583,11.129197377267959,0.41963517665863037,0.6963511606057485,0.4221281334831443,0.31296287932563954,0.6482432559763661,0.5496258971897752,0.46626587963450106,0.47624657705744877,0.5232843269262395,0.5259590960641107,0.48518216693630684,9.151377628981999,2.612672217774076,0.23010881152657403,z,31.003886222839355,1.3202771072662538,
defocus_strong,BAGS,20.492312834470532,20.434798772440548,0.6016431450843811,0.5445275406042734,0.4718001254875631,0.3787718613208131,0.6254019809443573,0.5048573622015865,0.5356984991947721,0.5886277189791346,0.6423147209844196,0.6174366493041382,0.4957417676522762,7.804588159494491,2.74407231448777,0.21466812530778534,ray,15.05948257446289,0.6171597784562698,
defocus_strong,Bad_gs,18.518154033616124,18.287992056610214,0.5800346732139587,0.5752246677875519,,,,,,,,,,,,,,,,published depth maps identical across all 4 blur conditions (release bug)
defocus_strong,CoCoGS,20.11503044120398,19.995473434282676,0.5954336524009705,0.5556509792804718,0.4819671746605653,0.38968443352298443,0.631519961866544,0.49867756108730865,0.5225188976462817,0.5691189313186662,0.6158956784489894,0.6235090361445457,0.4786103787786728,7.273423918598143,2.466564012532613,0.14926955495577043,z,16.394752502441406,0.4628348095622164,
defocus_strong,Deblur_GS,17.30578903411199,17.102294082861093,0.5561549663543701,0.5951637128988901,0.3858334715824704,0.2912092124185607,0.5715506681668782,0.4516784594907077,0.45364436824865934,0.5176233680012814,0.5644979798187817,0.5826880643275699,0.42069277191527865,10.831670692796495,3.4984614605472344,0.28602349100747004,z,26.001346588134766,0.6568227746990478,
